file,issues
"404.html","missing skip link"
"admin/audit/index.html","ok"
"admin/content/index.html","2 input without label"
"admin/creator-applications/index.html","ok"
"admin/creators/index.html","2 input without label"
"admin/dashboard/index.html","1 input without label"
"admin/events/index.html","ok"
"admin/index.html","1 input without label"
"admin/learning/index.html","ok"
"admin/login/index.html","missing skip link"
"admin/members/index.html","2 input without label"
"admin/payments/index.html","1 input without label"
"admin/pilot/index.html","3 input without label"
"admin/reflection/index.html","3 input without label"
"admin/settings/index.html","5 input without label"
"assessments/avoidance-map/index.html","2 input without label"
"assessments/avoidance-map/review/index.html","ok"
"assessments/index.html","ok"
"assessments/personal-capital/business/index.html","ok"
"assessments/personal-capital/expert/index.html","ok"
"assessments/personal-capital/index.html","3 input without label"
"assets/pdf/creative-workshop-guide.html","missing skip link"
"assets/pdf/family-roots-map.html","missing skip link"
"assets/pdf/inner-capital-filter.html","missing skip link"
"assets/pdf/loop-map-workbook.html","missing skip link"
"assets/pdf/space-declutter-guide.html","missing skip link"
"bai-viet/[slug]/index.html","ok"
"bai-viet/am-thanh-tu-than-khi-mot-tieng-hat-tro-thanh-cach-tro-ve/index.html","ok"
"bai-viet/ban-do-he-thong-doi-song-ca-nhan/index.html","ok"
"bai-viet/ban-do-ne-tranh/index.html","ok"
"bai-viet/ban-do-vong-lap-ca-nhan/index.html","ok"
"bai-viet/ban-khong-thieu-kien-thuc/index.html","ok"
"bai-viet/bon-truc-thay-doi/index.html","ok"
"bai-viet/cai-choi/index.html","ok"
"bai-viet/chi-can-dung/index.html","ok"
"bai-viet/chu-tam-sau/index.html","ok"
"bai-viet/chua-tung-co-huong/index.html","ok"
"bai-viet/chuyen-muc/dau-tu-ban-than/index.html","ok"
"bai-viet/chuyen-muc/di-vao-ben-trong/index.html","ok"
"bai-viet/chuyen-muc/du-an-nhat-ky/index.html","ok"
"bai-viet/chuyen-muc/gia-tri-noi-tai/index.html","ok"
"bai-viet/chuyen-muc/lao-dong-sang-tao/index.html","ok"
"bai-viet/chuyen-muc/mon-hoc-don-dep/index.html","ok"
"bai-viet/co-don-khong-phai-vi-thieu-nguoi/index.html","ok"
"bai-viet/co-nguoi-can-dung-lai/index.html","ok"
"bai-viet/cong-dong-dong-hanh-va-truong-thanh/index.html","ok"
"bai-viet/cong-dong-song-moi/index.html","ok"
"bai-viet/dau-tu-ban-than/index.html","ok"
"bai-viet/dau-tu-ban-than-hoc-tap-nhan-thuc-cao-hon/index.html","ok"
"bai-viet/dau-tu-ban-than-khong-ao-tuong-doi-doi/index.html","ok"
"bai-viet/dau-tu-hien-tai-tu-do-tuong-lai/index.html","ok"
"bai-viet/di-vao-ben-trong/index.html","ok"
"bai-viet/di-vao-ben-trong-giai-ma-nhung-gi-dang-van-hanh-ban/index.html","ok"
"bai-viet/diem-nghen-cam-xuc/index.html","ok"
"bai-viet/dieu-ban-dang-tranh/index.html","ok"
"bai-viet/dieu-dang-tiec-nhat-khi-ket-thuc-mot-kiep-song/index.html","ok"
"bai-viet/dieu-tre-em-can-khong-chi-la-day-dung/index.html","ok"
"bai-viet/dong-chay-sang-tao-dong-chay-su-song/index.html","ok"
"bai-viet/du-an-37-ngay/index.html","ok"
"bai-viet/du-an-buoc/index.html","ok"
"bai-viet/du-an-doi-song-37-ngay/index.html","ok"
"bai-viet/du-an-nhat-ky/index.html","ok"
"bai-viet/gan-duc-khoi-trong/index.html","ok"
"bai-viet/gia-dinh-khong-chi-la-noi-ta-lon-len/index.html","ok"
"bai-viet/gia-tri-cuoc-doi-ban-dang-gia-bao-nhieu/index.html","ok"
"bai-viet/gia-tri-nao-la-vinh-cuu-truoc-song-gio/index.html","ok"
"bai-viet/gia-tri-noi-tai/index.html","ok"
"bai-viet/hanh-trinh-di-vao-ben-trong/index.html","ok"
"bai-viet/he-gia-dinh-noi-phan-xa-duoc-hoc/index.html","ok"
"bai-viet/he-gia-dinh-va-goc-re/index.html","ok"
"bai-viet/he-gia-dinh-va-quyen-lua-chon/index.html","ok"
"bai-viet/he-van-hanh-lao-dong-sang-tao/index.html","ok"
"bai-viet/hieu-cuoc-doi-minh/index.html","ok"
"bai-viet/hoc-tap-sang-tao-truong-thanh/index.html","ok"
"bai-viet/hoi-sinh-su-song-tu-su-sang-tao-nguyen-so/index.html","ok"
"bai-viet/im-lang-noi-ban-van-dang-ne/index.html","ok"
"bai-viet/index.html","ok"
"bai-viet/ket-noi-linh-hon-vat-the/index.html","ok"
"bai-viet/ket-noi-sang-tao/index.html","ok"
"bai-viet/khi-doi-song-bat-dau-roi-khoi-tay-minh/index.html","ok"
"bai-viet/khi-moi-truong-khong-con-phu-hop/index.html","ok"
"bai-viet/khi-mot-goc-nha-duoc-dat-lai-dung-cho/index.html","ok"
"bai-viet/khoi-tu-tam/index.html","ok"
"bai-viet/khong-gian-song-va-nang-luc-hanh-dong/index.html","ok"
"bai-viet/khong-phai-ban-thieu-ky-luat-ma-thieu-mot-nhip-song-that/index.html","ok"
"bai-viet/kien-tao-mot-doi-song-y-nghia/index.html","ok"
"bai-viet/kinh-te-cua-su-ro-rang/index.html","ok"
"bai-viet/kinh-te-noi-tai-va-nguon-luc-ca-nhan/index.html","ok"
"bai-viet/lang-nghe-va-ra-quyet-dinh-ro-rang/index.html","ok"
"bai-viet/lao-dong-sang-tao/index.html","ok"
"bai-viet/lao-dong-sang-tao-he-van-hanh/index.html","ok"
"bai-viet/lao-dong-sang-tao-khong-phai-dau-ra-ma-la-cach-song/index.html","ok"
"bai-viet/minh-dang-di-con-duong-gi/index.html","ok"
"bai-viet/moi-truong-la-nguoi-thay-vo-hinh/index.html","ok"
"bai-viet/mon-hoc-don-dep/index.html","ok"
"bai-viet/mon-hoc-don-dep-tong-quan/index.html","ok"
"bai-viet/mot-nguoi-dong-hanh-dung-khong-keo-ban-di-nhanh-hon/index.html","ok"
"bai-viet/nen-tang-ranh-gioi/index.html","ok"
"bai-viet/neu-minh-sai-thi-sao/index.html","ok"
"bai-viet/nghe-lai-thu-minh-da-im-lang-qua-lau/index.html","ok"
"bai-viet/ngoi-nha-thu-2/index.html","ok"
"bai-viet/ngoi-nha-thu-hai-noi-ban-dang-song-moi-ngay/index.html","ok"
"bai-viet/nhat-ky-37-ngay-lam-chu-ngay-1/index.html","ok"
"bai-viet/nhung-vong-lap-ban-chua-goi-ten/index.html","ok"
"bai-viet/nuoi-day-tre-khong-lam-gay-tu-nhien/index.html","ok"
"bai-viet/quan-tri-nang-luong/index.html","ok"
"bai-viet/quet-la-va-viec-hoc/index.html","ok"
"bai-viet/ranh-gioi-lanh-manh/index.html","ok"
"bai-viet/sai-moi-truong/index.html","ok"
"bai-viet/song-sai-nhip/index.html","ok"
"bai-viet/song-theo-dong-chay/index.html","ok"
"bai-viet/song-theo-thoi-quen/index.html","ok"
"bai-viet/su-du-va-tien-bac/index.html","ok"
"bai-viet/tai-thiet-khong-gian-song/index.html","ok"
"bai-viet/thiet-ke-moi-truong-song-phu-hop/index.html","ok"
"bai-viet/thiet-ke-nhip-song-ben-vung/index.html","ok"
"bai-viet/thieu-su-that/index.html","ok"
"bai-viet/truong-thanh-thong-qua-mon-hoc-don-dep/index.html","ok"
"bai-viet/tu-55-trieu-den-tu-do/index.html","ok"
"bai-viet/viet-phan-tu/index.html","ok"
"bai-viet/vu-tru-vat-chat/index.html","ok"
"bat-dau/7-ngay-thiet-lap-nhip-song-moi/index.html","ok"
"bat-dau/bat-dau-trong-15-phut/index.html","ok"
"bat-dau/index.html","ok"
"bat-dau/vi-sao-day-la-mot-he-thuc-hanh/index.html","ok"
"certification/index.html","ok"
"certification/practice-companion-level-1/index.html","ok"
"certification/practice-method-designer/index.html","ok"
"chinh-sach-bao-mat/index.html","ok"
"chuong-trinh/ban-do-vong-lap/index.html","ok"
"chuong-trinh/bo-chu-tam-sau/index.html","ok"
"chuong-trinh/bo-quan-tri-nang-luong/index.html","ok"
"chuong-trinh/bo-ranh-gioi/index.html","ok"
"chuong-trinh/dau-tu-noi-tai/index.html","ok"
"chuong-trinh/gia-dinh-goc-re/index.html","ok"
"chuong-trinh/index.html","ok"
"chuong-trinh/nhat-ky-phan-tu/index.html","ok"
"chuong-trinh/so-tay-su-du/index.html","ok"
"chuong-trinh/tai-thiet-khong-gian/index.html","ok"
"chuong-trinh/xuong-sang-tao/index.html","ok"
"creators/apply/index.html","4 input without label"
"creators/index.html","ok"
"creators/policy/index.html","ok"
"creators/profile/index.html","missing h1"
"dieu-khoan/index.html","ok"
"du-an/du-an-37-ngay/index.html","ok"
"du-an/du-an-buoc/index.html","ok"
"du-an/index.html","ok"
"en/admin/content/index.html","1 input without label"
"en/admin/creators/index.html","1 input without label"
"en/admin/dashboard/index.html","1 input without label"
"en/admin/index.html","1 input without label"
"en/admin/members/index.html","1 input without label"
"en/admin/payments/index.html","ok"
"en/admin/pilot/index.html","3 input without label"
"en/admin/reflection/index.html","3 input without label"
"en/admin/settings/index.html","1 input without label"
"en/assessments/avoidance-map/index.html","ok"
"en/assessments/personal-capital/index.html","ok"
"en/bai-viet/[slug]/index.html","ok"
"en/bai-viet/am-thanh-tu-than-khi-mot-tieng-hat-tro-thanh-cach-tro-ve/index.html","ok"
"en/bai-viet/ban-do-vong-lap-ca-nhan/index.html","ok"
"en/bai-viet/ban-khong-thieu-kien-thuc/index.html","ok"
"en/bai-viet/bon-truc-thay-doi/index.html","ok"
"en/bai-viet/cai-choi/index.html","ok"
"en/bai-viet/chi-can-dung/index.html","ok"
"en/bai-viet/chu-tam-sau/index.html","ok"
"en/bai-viet/chua-tung-co-huong/index.html","ok"
"en/bai-viet/chuyen-muc/dau-tu-ban-than/index.html","ok"
"en/bai-viet/chuyen-muc/di-vao-ben-trong/index.html","ok"
"en/bai-viet/chuyen-muc/du-an-nhat-ky/index.html","ok"
"en/bai-viet/chuyen-muc/gia-tri-noi-tai/index.html","ok"
"en/bai-viet/chuyen-muc/lao-dong-sang-tao/index.html","ok"
"en/bai-viet/chuyen-muc/mon-hoc-don-dep/index.html","ok"
"en/bai-viet/co-don-khong-phai-vi-thieu-nguoi/index.html","ok"
"en/bai-viet/co-nguoi-can-dung-lai/index.html","ok"
"en/bai-viet/cong-dong-song-moi/index.html","ok"
"en/bai-viet/dau-tu-ban-than/index.html","ok"
"en/bai-viet/dau-tu-ban-than-hoc-tap-nhan-thuc-cao-hon/index.html","ok"
"en/bai-viet/dau-tu-ban-than-khong-ao-tuong-doi-doi/index.html","ok"
"en/bai-viet/dau-tu-hien-tai-tu-do-tuong-lai/index.html","ok"
"en/bai-viet/di-vao-ben-trong/index.html","ok"
"en/bai-viet/di-vao-ben-trong-giai-ma-nhung-gi-dang-van-hanh-ban/index.html","ok"
"en/bai-viet/dieu-ban-dang-tranh/index.html","ok"
"en/bai-viet/dieu-dang-tiec-nhat-khi-ket-thuc-mot-kiep-song/index.html","ok"
"en/bai-viet/dieu-tre-em-can-khong-chi-la-day-dung/index.html","ok"
"en/bai-viet/dong-chay-sang-tao-dong-chay-su-song/index.html","ok"
"en/bai-viet/du-an-37-ngay/index.html","ok"
"en/bai-viet/du-an-buoc/index.html","ok"
"en/bai-viet/du-an-nhat-ky/index.html","ok"
"en/bai-viet/gan-duc-khoi-trong/index.html","ok"
"en/bai-viet/gia-dinh-khong-chi-la-noi-ta-lon-len/index.html","ok"
"en/bai-viet/gia-tri-cuoc-doi-ban-dang-gia-bao-nhieu/index.html","ok"
"en/bai-viet/gia-tri-nao-la-vinh-cuu-truoc-song-gio/index.html","ok"
"en/bai-viet/gia-tri-noi-tai/index.html","ok"
"en/bai-viet/hanh-trinh-di-vao-ben-trong/index.html","ok"
"en/bai-viet/he-gia-dinh-noi-phan-xa-duoc-hoc/index.html","ok"
"en/bai-viet/he-gia-dinh-va-goc-re/index.html","ok"
"en/bai-viet/hieu-cuoc-doi-minh/index.html","ok"
"en/bai-viet/hoc-tap-sang-tao-truong-thanh/index.html","ok"
"en/bai-viet/hoi-sinh-su-song-tu-su-sang-tao-nguyen-so/index.html","ok"
"en/bai-viet/im-lang-noi-ban-van-dang-ne/index.html","ok"
"en/bai-viet/index.html","ok"
"en/bai-viet/ket-noi-linh-hon-vat-the/index.html","ok"
"en/bai-viet/ket-noi-sang-tao/index.html","ok"
"en/bai-viet/khi-doi-song-bat-dau-roi-khoi-tay-minh/index.html","ok"
"en/bai-viet/khi-moi-truong-khong-con-phu-hop/index.html","ok"
"en/bai-viet/khi-mot-goc-nha-duoc-dat-lai-dung-cho/index.html","ok"
"en/bai-viet/khoi-tu-tam/index.html","ok"
"en/bai-viet/khong-phai-ban-thieu-ky-luat-ma-thieu-mot-nhip-song-that/index.html","ok"
"en/bai-viet/kien-tao-mot-doi-song-y-nghia/index.html","ok"
"en/bai-viet/kinh-te-cua-su-ro-rang/index.html","ok"
"en/bai-viet/lao-dong-sang-tao/index.html","ok"
"en/bai-viet/lao-dong-sang-tao-he-van-hanh/index.html","ok"
"en/bai-viet/lao-dong-sang-tao-khong-phai-dau-ra-ma-la-cach-song/index.html","ok"
"en/bai-viet/minh-dang-di-con-duong-gi/index.html","ok"
"en/bai-viet/moi-truong-la-nguoi-thay-vo-hinh/index.html","ok"
"en/bai-viet/mon-hoc-don-dep/index.html","ok"
"en/bai-viet/mon-hoc-don-dep-tong-quan/index.html","ok"
"en/bai-viet/mot-nguoi-dong-hanh-dung-khong-keo-ban-di-nhanh-hon/index.html","ok"
"en/bai-viet/neu-minh-sai-thi-sao/index.html","ok"
"en/bai-viet/nghe-lai-thu-minh-da-im-lang-qua-lau/index.html","ok"
"en/bai-viet/ngoi-nha-thu-2/index.html","ok"
"en/bai-viet/ngoi-nha-thu-hai-noi-ban-dang-song-moi-ngay/index.html","ok"
"en/bai-viet/nhat-ky-37-ngay-lam-chu-ngay-1/index.html","ok"
"en/bai-viet/nhung-vong-lap-ban-chua-goi-ten/index.html","ok"
"en/bai-viet/nuoi-day-tre-khong-lam-gay-tu-nhien/index.html","ok"
"en/bai-viet/quan-tri-nang-luong/index.html","ok"
"en/bai-viet/quet-la-va-viec-hoc/index.html","ok"
"en/bai-viet/ranh-gioi-lanh-manh/index.html","ok"
"en/bai-viet/sai-moi-truong/index.html","ok"
"en/bai-viet/song-sai-nhip/index.html","ok"
"en/bai-viet/song-theo-dong-chay/index.html","ok"
"en/bai-viet/song-theo-thoi-quen/index.html","ok"
"en/bai-viet/su-du-va-tien-bac/index.html","ok"
"en/bai-viet/tai-thiet-khong-gian-song/index.html","ok"
"en/bai-viet/thieu-su-that/index.html","ok"
"en/bai-viet/truong-thanh-thong-qua-mon-hoc-don-dep/index.html","ok"
"en/bai-viet/tu-55-trieu-den-tu-do/index.html","ok"
"en/bai-viet/viet-phan-tu/index.html","ok"
"en/bai-viet/vu-tru-vat-chat/index.html","ok"
"en/bat-dau/7-ngay-thiet-lap-nhip-song-moi/index.html","ok"
"en/bat-dau/bat-dau-trong-15-phut/index.html","ok"
"en/bat-dau/index.html","ok"
"en/bat-dau/vi-sao-day-la-mot-he-thuc-hanh/index.html","ok"
"en/certification/practice-companion-level-1/index.html","ok"
"en/certification/practice-method-designer/index.html","ok"
"en/chinh-sach-bao-mat/index.html","ok"
"en/chuong-trinh/ban-do-vong-lap/index.html","ok"
"en/chuong-trinh/bo-chu-tam-sau/index.html","ok"
"en/chuong-trinh/bo-quan-tri-nang-luong/index.html","ok"
"en/chuong-trinh/bo-ranh-gioi/index.html","ok"
"en/chuong-trinh/dau-tu-noi-tai/index.html","ok"
"en/chuong-trinh/gia-dinh-goc-re/index.html","ok"
"en/chuong-trinh/index.html","ok"
"en/chuong-trinh/nhat-ky-phan-tu/index.html","ok"
"en/chuong-trinh/so-tay-su-du/index.html","ok"
"en/chuong-trinh/tai-thiet-khong-gian/index.html","ok"
"en/chuong-trinh/xuong-sang-tao/index.html","ok"
"en/dieu-khoan/index.html","ok"
"en/du-an/du-an-37-ngay/index.html","ok"
"en/du-an/du-an-buoc/index.html","ok"
"en/du-an/index.html","ok"
"en/faq/index.html","ok"
"en/gioi-thieu/index.html","ok"
"en/hanh-trinh/index.html","ok"
"en/index.html","missing h1"
"en/join/cancel/index.html","ok"
"en/join/index.html","ok"
"en/join/retry/index.html","ok"
"en/join/success/index.html","ok"
"en/lien-he/index.html","2 input without label"
"en/members/circle/index.html","ok"
"en/members/creator/guidelines/index.html","ok"
"en/members/creator/index.html","ok"
"en/members/creator/library/index.html","ok"
"en/members/creator/revenue-share/index.html","ok"
"en/members/creator/submit/index.html","ok"
"en/members/dashboard/index.html","ok"
"en/members/deep/am-thanh-tu-than/index.html","ok"
"en/members/deep/ban-do-vong-lap/index.html","ok"
"en/members/deep/dau-tu-noi-tai/index.html","ok"
"en/members/deep/doi-thoai-chua-lanh-trong-nha/index.html","ok"
"en/members/deep/gia-dinh-va-goc-re/index.html","ok"
"en/members/deep/index.html","ok"
"en/members/deep/ky-luat-nhe-va-nhip-song-moi/index.html","ok"
"en/members/deep/lao-dong-vat-the-va-su-truong-thanh/index.html","ok"
"en/members/deep/moi-truong-song-nhu-mot-than-the-thu-hai/index.html","ok"
"en/members/deep/ranh-gioi-mem-trong-gia-dinh/index.html","ok"
"en/members/deep/tai-thiet-khong-gian/index.html","ok"
"en/members/deep/tre-em-va-khong-gian-lon-len/index.html","ok"
"en/members/deep/tre-em-va-nhip-song-so/index.html","ok"
"en/members/deep/xuong-sang-tao/index.html","ok"
"en/members/experience/index.html","ok"
"en/members/index.html","ok"
"en/members/journey/day-1/index.html","ok"
"en/members/journey/day-2/index.html","ok"
"en/members/journey/day-7/index.html","ok"
"en/members/journey/index.html","ok"
"en/members/pilot/index.html","ok"
"en/members/practice/index.html","8 input without label"
"en/members/pro/children/index.html","ok"
"en/members/pro/creation/index.html","ok"
"en/members/pro/discipline/index.html","ok"
"en/members/pro/environment/index.html","ok"
"en/members/pro/family/index.html","ok"
"en/members/pro/index.html","ok"
"en/members/pro/inner/index.html","ok"
"en/members/pro/reset/index.html","ok"
"en/members/pro/wealth/index.html","ok"
"en/members/reflection/index.html","ok"
"en/members/start/index.html","1 input without label"
"en/mien-tru-trach-nhiem/index.html","ok"
"en/phuong-phap/index.html","ok"
"en/products/7-day-true-rhythm/index.html","ok"
"en/products/companion-circle/index.html","ok"
"en/products/core-access/index.html","ok"
"en/products/index.html","ok"
"en/products/inner-listening-kit/index.html","ok"
"en/products/life-reset-mini/index.html","ok"
"en/products/one-corner-reset/index.html","ok"
"en/products/year-2-continuity/index.html","ok"
"en/products/year-3-mastery/index.html","ok"
"en/programs/boundary-foundation/index.html","ok"
"en/programs/creative-practice-studio/index.html","ok"
"en/programs/emotional-block-mapping/index.html","ok"
"en/programs/family-pattern-mapping/index.html","ok"
"en/programs/open-loop-closure-sprint/index.html","ok"
"en/programs/personal-after-action-review/index.html","ok"
"en/programs/rhythm-design-lab/index.html","ok"
"en/programs/self-trust-practice-lab/index.html","ok"
"en/programs/space-reset-practitioner/index.html","ok"
"en/tai-lieu/index.html","ok"
"faq/index.html","ok"
"gioi-thieu/index.html","ok"
"hanh-trinh/index.html","ok"
"huong-dan-admin/index.html","ok"
"index.html","missing h1"
"join/cancel/index.html","ok"
"join/index.html","ok"
"join/retry/index.html","ok"
"join/success/index.html","ok"
"lien-he/index.html","2 input without label"
"members/academy/37-day-project-charter/index.html","ok"
"members/academy/7-day-rhythm-audit/index.html","ok"
"members/academy/community-fit-assessment/index.html","ok"
"members/academy/creative-workflow-audit/index.html","ok"
"members/academy/decision-clarity-sheet/index.html","ok"
"members/academy/environmental-influence-map/index.html","ok"
"members/academy/family-role-boundary-map/index.html","ok"
"members/academy/index.html","ok"
"members/academy/life-system-map-v1/index.html","ok"
"members/academy/personal-resource-audit/index.html","ok"
"members/academy/space-friction-map/index.html","ok"
"members/circle/index.html","ok"
"members/creator/guidelines/index.html","ok"
"members/creator/index.html","ok"
"members/creator/library/index.html","ok"
"members/creator/revenue-share/index.html","ok"
"members/creator/submit/index.html","ok"
"members/creator-dashboard/index.html","1 input without label"
"members/dashboard/index.html","ok"
"members/deep/am-thanh-tu-than/index.html","ok"
"members/deep/ban-do-vong-lap/index.html","ok"
"members/deep/creative-practice-studio/index.html","ok"
"members/deep/dau-tu-noi-tai/index.html","ok"
"members/deep/decision-clarity/index.html","ok"
"members/deep/doi-thoai-chua-lanh-trong-nha/index.html","ok"
"members/deep/environmental-influence/index.html","ok"
"members/deep/family-pattern-mapping/index.html","ok"
"members/deep/gia-dinh-va-goc-re/index.html","ok"
"members/deep/index.html","ok"
"members/deep/ky-luat-nhe-va-nhip-song-moi/index.html","ok"
"members/deep/lao-dong-vat-the-va-su-truong-thanh/index.html","ok"
"members/deep/life-system-map/index.html","ok"
"members/deep/moi-truong-song-nhu-mot-than-the-thu-hai/index.html","ok"
"members/deep/open-loop-closure-sprint/index.html","48 input without label"
"members/deep/personal-after-action-review/index.html","80 input without label"
"members/deep/personal-capital/index.html","ok"
"members/deep/practice-companion-level-1/index.html","ok"
"members/deep/practice-method-designer/index.html","ok"
"members/deep/ranh-gioi-mem-trong-gia-dinh/index.html","ok"
"members/deep/rhythm-design-lab/index.html","ok"
"members/deep/self-trust-practice-lab/index.html","80 input without label"
"members/deep/space-reset-practitioner/index.html","ok"
"members/deep/tai-thiet-khong-gian/index.html","ok"
"members/deep/tre-em-va-khong-gian-lon-len/index.html","ok"
"members/deep/tre-em-va-nhip-song-so/index.html","ok"
"members/deep/xuong-sang-tao/index.html","ok"
"members/experience/index.html","ok"
"members/index 2.html","ok"
"members/index.html","ok"
"members/journey/day-1/index.html","ok"
"members/journey/day-2/index.html","ok"
"members/journey/day-7/index.html","ok"
"members/journey/index.html","ok"
"members/pilot/index.html","ok"
"members/practice/index.html","8 input without label"
"members/pro/children/index.html","ok"
"members/pro/creation/index.html","ok"
"members/pro/discipline/index.html","ok"
"members/pro/environment/index.html","ok"
"members/pro/family/index.html","ok"
"members/pro/index.html","ok"
"members/pro/inner/index.html","ok"
"members/pro/reset/index.html","ok"
"members/pro/wealth/index.html","ok"
"members/reflection/index.html","ok"
"members/security/index.html","ok"
"members/start/index.html","1 input without label"
"members/verify-2fa/index.html","missing skip link"
"mien-tru-trach-nhiem/index.html","ok"
"phuong-phap/index.html","ok"
"products/7-day-true-rhythm/index.html","ok"
"products/companion-circle/index.html","ok"
"products/index.html","ok"
"products/inner-listening-kit/index.html","ok"
"products/life-reset-mini/index.html","ok"
"products/one-corner-reset/index.html","ok"
"programs/boundary-foundation/index.html","ok"
"programs/creative-practice-studio/index.html","ok"
"programs/emotional-block-mapping/index.html","ok"
"programs/family-pattern-mapping/index.html","ok"
"programs/index.html","ok"
"programs/open-loop-closure-sprint/index.html","ok"
"programs/personal-after-action-review/index.html","ok"
"programs/rhythm-design-lab/index.html","ok"
"programs/self-trust-practice-lab/index.html","ok"
"programs/space-reset-practitioner/index.html","ok"
"tai-lieu/index.html","ok"